Year,Observation status,Unit multiplier,Source details,SERIES,Reference area,UNIT_MEASURE,GeoCode,Value
2014,Normal value,Units,MOFEDIP,"Proportion of total government spending on essential services, education [UIS methodology] [1.a.2]",,Percent,,36.65662518834542
2015,Normal value,Units,MOFEDIP,"Proportion of total government spending on essential services, education [UIS methodology] [1.a.2]",,Percent,,40.37658878345459
2016,Normal value,Units,MOFEDIP,"Proportion of total government spending on essential services, education [UIS methodology] [1.a.2]",,Percent,,32.5914871233359
2017,Normal value,Units,MOFEDIP,"Proportion of total government spending on essential services, education [UIS methodology] [1.a.2]",,Percent,,32.5914871233359
2022,Normal value,Units,MOFEDIP,"Proportion of total government spending on essential services, education [UIS methodology] [1.a.2]",,Percent,,0.32
2023,Normal value,Units,MOFEDIP,"Proportion of total government spending on essential services, education [UIS methodology] [1.a.2]",,Percent,,0.29
