Year,Observation status,Unit multiplier,Source details,Series,Reference area,Units,GeoCode,Value
2014,Normal value,Units,ZIMSTAT_National_Accounts_Department_2018,SL_EMP_GTOTL,,PT,,36.13081918691323
2015,Normal value,Units,ZIMSTAT_National_Accounts_Department_2018,SL_EMP_GTOTL,,PT,,36.495276013308654
2016,Normal value,Units,ZIMSTAT_National_Accounts_Department_2018,SL_EMP_GTOTL,,PT,,37.22806761880432
2017,Normal value,Units,ZIMSTAT_National_Accounts_Department_2018,SL_EMP_GTOTL,,PT,,37.4495374125864
2018,Normal value,Units,ZIMSTAT_National_Accounts_Department_2018,SL_EMP_GTOTL,,PT,,34.21241004712392
