Year,Observation status,Unit multiplier,Source details,Series,Reference area,Units,GeoCode,Value
2014,Normal value,Units,Layout_Plan_Records_LA_and_Ministry,EN_URB_OPENSP,,NUMBER,,50
2015,Normal value,Units,Layout_Plan_Records_LA_and_Ministry,EN_URB_OPENSP,,NUMBER,,50
2016,Normal value,Units,Layout_Plan_Records_LA_and_Ministry,EN_URB_OPENSP,,NUMBER,,50
2017,Normal value,Units,Layout_Plan_Records_LA_and_Ministry,EN_URB_OPENSP,,NUMBER,,50
2018,Normal value,Units,Layout_Plan_Records_LA_and_Ministry,EN_URB_OPENSP,,NUMBER,,50
2023,Normal value,Units,Layout_Plan_Records_LA_and_Ministry,EN_URB_OPENSP,,NUMBER,,50
2024,Normal value,Units,Layout_Plan_Records_LA_and_Ministry,EN_URB_OPENSP,,NUMBER,,75
