Year,Observation status,Unit multiplier,Source details,SERIES,Reference area,UNIT_MEASURE,GeoCode,Value
2014,Normal value,Units,Layout_Plan_Records_LA_and_Ministry,Average share of the built-up area of cities that is open space for public use for all [11.7.1],,Number,,50
2015,Normal value,Units,Layout_Plan_Records_LA_and_Ministry,Average share of the built-up area of cities that is open space for public use for all [11.7.1],,Number,,50
2016,Normal value,Units,Layout_Plan_Records_LA_and_Ministry,Average share of the built-up area of cities that is open space for public use for all [11.7.1],,Number,,50
2017,Normal value,Units,Layout_Plan_Records_LA_and_Ministry,Average share of the built-up area of cities that is open space for public use for all [11.7.1],,Number,,50
2018,Normal value,Units,Layout_Plan_Records_LA_and_Ministry,Average share of the built-up area of cities that is open space for public use for all [11.7.1],,Number,,50
2023,Normal value,Units,Layout_Plan_Records_LA_and_Ministry,Average share of the built-up area of cities that is open space for public use for all [11.7.1],,Number,,50
2024,Normal value,Units,Layout_Plan_Records_LA_and_Ministry,Average share of the built-up area of cities that is open space for public use for all [11.7.1],,Number,,75
