Year,Observation status,Unit multiplier,SOURCE_DETAIL,SERIES,Reference area,UNIT_MEASURE,GeoCode,Value
2014,Normal value,Units,Zimstat,Countries that have national urban policies or regional development plans that respond to population dynamics; ensure balanced territorial development; and increase local fiscal space (1 = YES; 0 = NO) [11.a.1],,Percent,,100
2015,Normal value,Units,Zimstat,Countries that have national urban policies or regional development plans that respond to population dynamics; ensure balanced territorial development; and increase local fiscal space (1 = YES; 0 = NO) [11.a.1],,Percent,,100
2016,Normal value,Units,Zimstat,Countries that have national urban policies or regional development plans that respond to population dynamics; ensure balanced territorial development; and increase local fiscal space (1 = YES; 0 = NO) [11.a.1],,Percent,,100
2017,Normal value,Units,Zimstat,Countries that have national urban policies or regional development plans that respond to population dynamics; ensure balanced territorial development; and increase local fiscal space (1 = YES; 0 = NO) [11.a.1],,Percent,,100
2018,Normal value,Units,Zimstat,Countries that have national urban policies or regional development plans that respond to population dynamics; ensure balanced territorial development; and increase local fiscal space (1 = YES; 0 = NO) [11.a.1],,Percent,,100
2019,Normal value,Units,Zimstat,Countries that have national urban policies or regional development plans that respond to population dynamics; ensure balanced territorial development; and increase local fiscal space (1 = YES; 0 = NO) [11.a.1],,Percent,,100
2020,Normal value,Units,Zimstat,Countries that have national urban policies or regional development plans that respond to population dynamics; ensure balanced territorial development; and increase local fiscal space (1 = YES; 0 = NO) [11.a.1],,Percent,,100
2021,Normal value,Units,Zimstat,Countries that have national urban policies or regional development plans that respond to population dynamics; ensure balanced territorial development; and increase local fiscal space (1 = YES; 0 = NO) [11.a.1],,Percent,,100
