Year,Observation status,Unit multiplier,Source details,SERIES,Reference area,UNIT_MEASURE,GeoCode,Value
2019,Normal value,Units,UNDRR/CPU,"Number of directly affected persons attributed to disasters per 100,000 population [1.5.1, 11.5.1, 13.1.1]",,Number,,702363
2017,Normal value,Units,MLGPWNH,"Number of missing persons due to disaster [1.5.1, 11.5.1, 13.1.1]",,Number,,158
2019,Normal value,Units,MLGPWNH,"Number of missing persons due to disaster [1.5.1, 11.5.1, 13.1.1]",,Number,,344
2023,Normal value,Units,MLGPWNH,"Number of missing persons due to disaster [1.5.1, 11.5.1, 13.1.1]",,Number,,237
2017,Normal value,Units,MLGPWNH/CPU,"Number of deaths and missing persons attributed to disasters [1.5.1, 11.5.1, 13.1.1]",,"Per 100,000 population",,158
2023,Normal value,Units,MLGPWNH/CPU,"Number of deaths and missing persons attributed to disasters [1.5.1, 11.5.1, 13.1.1]",,"Per 100,000 population",,237
2019,Normal value,Units,UNDRR/CPU,"Number of deaths due to disaster [1.5.1, 11.5.1, 13.1.1]",,Number,,344
