Year,Observation status,Unit multiplier,Source details,SERIES,Reference area,UNIT_MEASURE,GeoCode,Value
2018,Normal value,Units,ZIMSTAT_National_Accounts_Department_2018,Total government revenue as a proportion of GDP [17.1.1],,Percent,,12.30594904147843
2019,Normal value,Units,ZIMSTAT_National_Accounts_Department_2018,Total government revenue as a proportion of GDP [17.1.1],,Percent,,10.826308868243524
2020,Normal value,Units,ZIMSTAT_National_Accounts_Department_2018,Total government revenue as a proportion of GDP [17.1.1],,Percent,,13.275288938588842
2021,Normal value,Units,ZIMSTAT_National_Accounts_Department_2018,Total government revenue as a proportion of GDP [17.1.1],,Percent,,14.980043668502663
2023,Normal value,Units,ZIMSTAT_National_Accounts_Department_2018,Total government revenue as a proportion of GDP [17.1.1],,Percent,,14.7
