Year,Observation status,Unit multiplier,SOURCE_DETAIL,SERIES,Reference area,UNIT_MEASURE,GeoCode,Value
2015,Normal value,Units,RBZ,Volume of remittances (in United States dollars) as a proportion of total GDP [17.3.2],,Percent,,6.27
2016,Normal value,Units,RBZ,Volume of remittances (in United States dollars) as a proportion of total GDP [17.3.2],,Percent,,5.36
2017,Normal value,Units,RBZ,Volume of remittances (in United States dollars) as a proportion of total GDP [17.3.2],,Percent,,4.67
2018,Normal value,Units,RBZ,Volume of remittances (in United States dollars) as a proportion of total GDP [17.3.2],,Percent,,3.8
2019,Normal value,Units,RBZ,Volume of remittances (in United States dollars) as a proportion of total GDP [17.3.2],,Percent,,3.58
2020,Normal value,Units,RBZ,Volume of remittances (in United States dollars) as a proportion of total GDP [17.3.2],,Percent,,4.5
2021,Normal value,Units,RBZ,Volume of remittances (in United States dollars) as a proportion of total GDP [17.3.2],,Percent,,6.03
2022,Normal value,Units,RBZ,Volume of remittances (in United States dollars) as a proportion of total GDP [17.3.2],,Percent,,6.01
2023,Normal value,Units,RBZ,Volume of remittances (in United States dollars) as a proportion of total GDP [17.3.2],,Percent,,6.14
2024,Normal value,Units,RBZ,Volume of remittances (in United States dollars) as a proportion of total GDP [17.3.2],,Percent,,7.33
