Year,Observation status,Unit multiplier,Source details,SERIES,Reference area,UNIT_MEASURE,GeoCode,Value
2014,Normal value,Units,RBZ,Volume of remittances (in United States dollars) as a proportion of total GDP [17.3.2],,Percent,,6.0
2015,Normal value,Units,RBZ,Volume of remittances (in United States dollars) as a proportion of total GDP [17.3.2],,Percent,,6.3
2016,Normal value,Units,RBZ,Volume of remittances (in United States dollars) as a proportion of total GDP [17.3.2],,Percent,,5.4
2017,Normal value,Units,RBZ,Volume of remittances (in United States dollars) as a proportion of total GDP [17.3.2],,Percent,,4.7
2021,Normal value,Units,RBZ,Volume of remittances (in United States dollars) as a proportion of total GDP [17.3.2],,Percent,,6.7
2022,Normal value,Units,RBZ,Volume of remittances (in United States dollars) as a proportion of total GDP [17.3.2],,Percent,,7.6
2023,Normal value,Units,RBZ,Volume of remittances (in United States dollars) as a proportion of total GDP [17.3.2],,Percent,,8.1
