Year,Observation status,Unit multiplier,Source details,SERIES,Reference area,UNIT_MEASURE,GeoCode,Value
2019,Normal value,Units,Zimstat_2022_PHC,Maternal mortality ratio [3.1.1],,"Per 1,000 live births",,462
2022,Normal value,Units,Zimstat_2022_PHC,Maternal mortality ratio [3.1.1],,"Per 1,000 live births",,362
2022,Normal value,Units,Zimstat_2022_PHC,Maternal mortality ratio [3.1.1],Bulawayo,"Per 1,000 live births",ZW_BA,248
2022,Normal value,Units,Zimstat_2022_PHC,Maternal mortality ratio [3.1.1],Harare,"Per 1,000 live births",ZW_HA,303
2022,Normal value,Units,Zimstat_2022_PHC,Maternal mortality ratio [3.1.1],Manicaland,"Per 1,000 live births",ZW_MA,248
2022,Normal value,Units,Zimstat_2022_PHC,Maternal mortality ratio [3.1.1],Mashonaland Central,"Per 1,000 live births",ZW_MC,292
2022,Normal value,Units,Zimstat_2022_PHC,Maternal mortality ratio [3.1.1],Masholanad East,"Per 1,000 live births",ZW_ME,401
2022,Normal value,Units,Zimstat_2022_PHC,Maternal mortality ratio [3.1.1],Midlands,"Per 1,000 live births",ZW_MI,424
2022,Normal value,Units,Zimstat_2022_PHC,Maternal mortality ratio [3.1.1],Matabeland North,"Per 1,000 live births",ZW_MN,365
2022,Normal value,Units,Zimstat_2022_PHC,Maternal mortality ratio [3.1.1],Matabeland South,"Per 1,000 live births",ZW_MS,375
2022,Normal value,Units,Zimstat_2022_PHC,Maternal mortality ratio [3.1.1],Masvingo,"Per 1,000 live births",ZW_MV,377
2022,Normal value,Units,Zimstat_2022_PHC,Maternal mortality ratio [3.1.1],Mashonaland West,"Per 1,000 live births",ZW_MW,377
