Year,Observation status,Unit multiplier,SOURCE_DETAIL,SERIES,Reference area,UNIT_MEASURE,GeoCode,Value
2017,Normal value,Units,MOHCC,"Malaria incidence per 1,000 population at risk [3.3.3]",,"Per 1,000 population",,10
2019,Normal value,Units,MOHCC,"Malaria incidence per 1,000 population at risk [3.3.3]",,"Per 1,000 population",,22
2020,Normal value,Units,MOHCC,"Malaria incidence per 1,000 population at risk [3.3.3]",,"Per 1,000 population",,32
2022,Normal value,Units,MOHCC,"Malaria incidence per 1,000 population at risk [3.3.3]",,"Per 1,000 population",,9
2023,Normal value,Units,MOHCC,"Malaria incidence per 1,000 population at risk [3.3.3]",,"Per 1,000 population",,16
