Year,Observation status,Unit multiplier,Source details,SERIES,Reference area,UNIT_MEASURE,GeoCode,Value
2014,Normal value,Units,ZRP,Death rate due to road traffic injuries [3.6.1],,"Per 100,000 population",,2042
2015,Normal value,Units,ZRP,Death rate due to road traffic injuries [3.6.1],,"Per 100,000 population",,2368
2016,Normal value,Units,ZRP,Death rate due to road traffic injuries [3.6.1],,"Per 100,000 population",,1584
2017,Normal value,Units,ZRP,Death rate due to road traffic injuries [3.6.1],,"Per 100,000 population",,1793
2018,Normal value,Units,ZRP,Death rate due to road traffic injuries [3.6.1],,"Per 100,000 population",,1918
2024,Normal value,Units,ZRP,Death rate due to road traffic injuries [3.6.1],,"Per 100,000 population",,1037
