Year,Observation status,Unit multiplier,Source details,Series,Reference area,Sex,Age,Units,GeoCode,Value
2015,Normal value,Units,Zimstat_2022_PHC,SP_DYN_ADKL,,Female,15 to 19 years old,PER_1000_POP,,110.0
2017,Normal value,Units,Zimstat_2022_PHC,SP_DYN_ADKL,,Female,15 to 19 years old,PER_1000_POP,,77.6
2019,Normal value,Units,Zimstat_2022_PHC,SP_DYN_ADKL,,Female,15 to 19 years old,PER_1000_POP,,108.0
2022,Normal value,Units,Zimstat_2022_PHC,SP_DYN_ADKL,,Female,15 to 19 years old,PER_1000_POP,,86.7
