Year,Observation status,Unit multiplier,SOURCE_DETAIL,SERIES,Reference area,Sex,Age,UNIT_MEASURE,GeoCode,Value
2019,Normal value,Units,ZIMSTAT ZDHS_2023-24,Proportion of population achieving at least a fixed level of proficiency in functional skills [4.6.1],,Female,15 to 49 years old,Percent,,92.1
2024,Normal value,Units,ZIMSTAT ZDHS_2023-24,Proportion of population achieving at least a fixed level of proficiency in functional skills [4.6.1],,Female,15 to 49 years old,Percent,,92.1
2019,Normal value,Units,ZIMSTAT ZDHS_2023-24,Proportion of population achieving at least a fixed level of proficiency in functional skills [4.6.1],,Male,15 to 49 years old,Percent,,89.4
2024,Normal value,Units,ZIMSTAT ZDHS_2023-24,Proportion of population achieving at least a fixed level of proficiency in functional skills [4.6.1],,Male,15 to 49 years old,Percent,,89.4
