Year,Observation status,Unit multiplier,Source details,SERIES,Reference area,UNIT_MEASURE,GeoCode,Value
2024,Normal value,Units,Min_of_Women,"Legal frameworks that promote, enforce and monitor gender equality (percentage of achievement, 0 - 100) -- Area 3: employment and economic benefits. [5.1.1]",,Percent,,100
2024,Normal value,Units,Min_of_Women,"Legal frameworks that promote, enforce and monitor gender equality (percentage of achievement, 0 - 100) -- Area 1: overarching legal frameworks and public life. [5.1.1]",,Percent,,100
2024,Normal value,Units,Min_of_Women,"Legal frameworks that promote, enforce and monitor gender equality (percentage of achievement, 0 - 100) -- Area 4: marriage and family. [5.1.1]",,Percent,,100
2024,Normal value,Units,Min_of_Women,"Legal frameworks that promote, enforce and monitor gender equality (percentage of achievement, 0 - 100) -- Area 2: violence against women. [5.1.1]",,Percent,,100
