Year,Observation status,Unit multiplier,Source details,SERIES,Reference area,Sex,Age,UNIT_MEASURE,GeoCode,Value
2015,Normal value,Units,ZIMSTAT,Proportion of elected seats held by women in deliberative bodies of local government [5.5.1],,Female,,Percent,,31.9
2019,Normal value,Units,ZIMSTAT,Proportion of elected seats held by women in deliberative bodies of local government [5.5.1],,Female,,Percent,,37.7
2023,Normal value,Units,ZIMSTAT,Proportion of elected seats held by women in deliberative bodies of local government [5.5.1],,Female,,Percent,,37.0
2019,Normal value,Units,Zimstat_2022_PHC,Proportion of elected seats held by women in deliberative bodies of local government [5.5.1],,Female,20 to 24 years old,Percent,,33.7
2022,Normal value,Units,Zimstat_2022_PHC,Proportion of elected seats held by women in deliberative bodies of local government [5.5.1],,Female,20 to 24 years old,Percent,,16.2
2023,Normal value,Units,Zimstat_2022_PHC,Proportion of elected seats held by women in deliberative bodies of local government [5.5.1],,Female,20 to 24 years old,Percent,,18.9
