Year,Observation status,Unit multiplier,Source details,Series,Reference area,Sex,Age,Units,GeoCode,Value
2015,Normal value,Units,ZIMSTAT,SG_GEN_LOCGELS,,Female,,PT,,31.9
2019,Normal value,Units,ZIMSTAT,SG_GEN_LOCGELS,,Female,,PT,,37.7
2023,Normal value,Units,ZIMSTAT,SG_GEN_LOCGELS,,Female,,PT,,37.0
2019,Normal value,Units,Zimstat_2022_PHC,SG_GEN_LOCGELS,,Female,20 to 24 years old,PT,,33.7
2022,Normal value,Units,Zimstat_2022_PHC,SG_GEN_LOCGELS,,Female,20 to 24 years old,PT,,16.2
2023,Normal value,Units,Zimstat_2022_PHC,SG_GEN_LOCGELS,,Female,20 to 24 years old,PT,,18.9
