Year,Observation status,Unit multiplier,Source details,SERIES,Reference area,UNIT_MEASURE,GeoCode,Value
2019,Normal value,Units,WASH_Coordination_Unit,Proportion of population practicing open defecation [6.2.1],,Percent,,64.2
2022,Normal value,Units,WASH_Coordination_Unit,Proportion of population practicing open defecation [6.2.1],,Percent,,68.7
2023,Normal value,Units,WASH_Coordination_Unit,Proportion of population practicing open defecation [6.2.1],,Percent,,78.4
2024,Normal value,Units,WASH_Coordination_Unit,Proportion of population practicing open defecation [6.2.1],,Percent,,81.0
