Year,Observation status,Unit multiplier,Source details,SERIES,Reference area,Degree of urbanisation,UNIT_MEASURE,GeoCode,Value
2017,Normal value,Units,Zimstat_2022_PHC,Proportion of population with primary reliance on clean fuels and technology [7.1.2],,,Percent,,21.6
2019,Normal value,Units,Zimstat_2022_PHC,Proportion of population with primary reliance on clean fuels and technology [7.1.2],,,Percent,,33.7
2022,Normal value,Units,Zimstat_2022_PHC,Proportion of population with primary reliance on clean fuels and technology [7.1.2],,,Percent,,61.936167437294046
2019,Normal value,Units,Zimstat_2022_PHC,Proportion of population with primary reliance on clean fuels and technology [7.1.2],,Rural,Percent,,7.7
2022,Normal value,Units,Zimstat_2022_PHC,Proportion of population with primary reliance on clean fuels and technology [7.1.2],,Rural,Percent,,55.65878871101471
2019,Normal value,Units,Zimstat_2022_PHC,Proportion of population with primary reliance on clean fuels and technology [7.1.2],,Urban,Percent,,83.2
2022,Normal value,Units,Zimstat_2022_PHC,Proportion of population with primary reliance on clean fuels and technology [7.1.2],,Urban,Percent,,70.79708533995965
2019,Normal value,Units,Zimstat_2022_PHC,Proportion of population with primary reliance on clean fuels and technology [7.1.2],Bulawayo,,Percent,ZW_BA,85.6
2022,Normal value,Units,Zimstat_2022_PHC,Proportion of population with primary reliance on clean fuels and technology [7.1.2],Bulawayo,,Percent,ZW_BA,94.0933010992187
2019,Normal value,Units,Zimstat_2022_PHC,Proportion of population with primary reliance on clean fuels and technology [7.1.2],Harare,,Percent,ZW_HA,87.2
2022,Normal value,Units,Zimstat_2022_PHC,Proportion of population with primary reliance on clean fuels and technology [7.1.2],Harare,,Percent,ZW_HA,88.12671475002564
2019,Normal value,Units,Zimstat_2022_PHC,Proportion of population with primary reliance on clean fuels and technology [7.1.2],Manicaland,,Percent,ZW_MA,18.1
2022,Normal value,Units,Zimstat_2022_PHC,Proportion of population with primary reliance on clean fuels and technology [7.1.2],Manicaland,,Percent,ZW_MA,50.54971265075429
2019,Normal value,Units,Zimstat_2022_PHC,Proportion of population with primary reliance on clean fuels and technology [7.1.2],Mashonaland Central,,Percent,ZW_MC,11.3
2022,Normal value,Units,Zimstat_2022_PHC,Proportion of population with primary reliance on clean fuels and technology [7.1.2],Mashonaland Central,,Percent,ZW_MC,51.37132481069131
2019,Normal value,Units,Zimstat_2022_PHC,Proportion of population with primary reliance on clean fuels and technology [7.1.2],Masholanad East,,Percent,ZW_ME,19.7
2022,Normal value,Units,Zimstat_2022_PHC,Proportion of population with primary reliance on clean fuels and technology [7.1.2],Masholanad East,,Percent,ZW_ME,56.75936229219795
2019,Normal value,Units,Zimstat_2022_PHC,Proportion of population with primary reliance on clean fuels and technology [7.1.2],Midlands,,Percent,ZW_MI,31.2
2022,Normal value,Units,Zimstat_2022_PHC,Proportion of population with primary reliance on clean fuels and technology [7.1.2],Midlands,,Percent,ZW_MI,58.30603044542835
2019,Normal value,Units,Zimstat_2022_PHC,Proportion of population with primary reliance on clean fuels and technology [7.1.2],Matabeland North,,Percent,ZW_MN,10.1
2022,Normal value,Units,Zimstat_2022_PHC,Proportion of population with primary reliance on clean fuels and technology [7.1.2],Matabeland North,,Percent,ZW_MN,42.421770056245066
2019,Normal value,Units,Zimstat_2022_PHC,Proportion of population with primary reliance on clean fuels and technology [7.1.2],Matabeland South,,Percent,ZW_MS,20.0
2022,Normal value,Units,Zimstat_2022_PHC,Proportion of population with primary reliance on clean fuels and technology [7.1.2],Matabeland South,,Percent,ZW_MS,45.84930713496731
2019,Normal value,Units,Zimstat_2022_PHC,Proportion of population with primary reliance on clean fuels and technology [7.1.2],Masvingo,,Percent,ZW_MV,16.4
2022,Normal value,Units,Zimstat_2022_PHC,Proportion of population with primary reliance on clean fuels and technology [7.1.2],Masvingo,,Percent,ZW_MV,57.15525364300525
2019,Normal value,Units,Zimstat_2022_PHC,Proportion of population with primary reliance on clean fuels and technology [7.1.2],Mashonaland West,,Percent,ZW_MW,23.9
2022,Normal value,Units,Zimstat_2022_PHC,Proportion of population with primary reliance on clean fuels and technology [7.1.2],Mashonaland West,,Percent,ZW_MW,60.45453822724261
