Year,Observation status,Unit multiplier,SOURCE_DETAIL,SERIES,Reference area,UNIT_MEASURE,GeoCode,Value
2023,Normal value,Units,RBZ_MMCZ_FGR_Zimstat,"Material footprint per capita [8.4.1, 12.2.1]",,Kilograms per constant USD,,1.228
2024,Normal value,Units,RBZ_MMCZ_FGR_Zimstat,"Material footprint per capita [8.4.1, 12.2.1]",,Kilograms per constant USD,,0.64
2023,Normal value,Units,RBZ_MMCZ_FGR_Zimstat,"Material footprint per unit of GDP [8.4.1, 12.2.1]",,Kilograms per constant USD,,0.42
2024,Normal value,Units,RBZ_MMCZ_FGR_Zimstat,"Material footprint per unit of GDP [8.4.1, 12.2.1]",,Kilograms per constant USD,,0.23
2023,Normal value,Units,RBZ_MMCZ_FGR_Zimstat,"Material footprint [8.4.1, 12.2.1]",,Metric Tons,,18576062.7
2024,Normal value,Units,RBZ_MMCZ_FGR_Zimstat,"Material footprint [8.4.1, 12.2.1]",,Metric Tons,,10060000.0
