Year,Observation status,Unit multiplier,SOURCE_DETAIL,SERIES,Reference area,Sex,Disability status,UNIT_MEASURE,GeoCode,Value
2019,Normal value,Units,Zimstat_QLFS,"Unemployment rate, by sex and disability - 19th ICLS (%) [8.5.2]",,,,Percent,,19.1
2023,Normal value,Units,Zimstat_QLFS,"Unemployment rate, by sex and disability - 19th ICLS (%) [8.5.2]",,,,Percent,,20.7
2024,Normal value,Units,Zimstat_QLFS,"Unemployment rate, by sex and disability - 19th ICLS (%) [8.5.2]",,,,Percent,,21.8
2024,Normal value,Units,Zimstat_QLFS,"Unemployment rate, by sex and disability - 19th ICLS (%) [8.5.2]",,,Persons with disability,Percent,,22.1
2023,Normal value,Units,Zimstat_QLFS,"Unemployment rate, by sex and disability - 19th ICLS (%) [8.5.2]",,Female,,Percent,,22.8
2024,Normal value,Units,Zimstat_QLFS,"Unemployment rate, by sex and disability - 19th ICLS (%) [8.5.2]",,Female,,Percent,,24.6
2024,Normal value,Units,Zimstat_QLFS,"Unemployment rate, by sex and disability - 19th ICLS (%) [8.5.2]",,Female,Persons with disability,Percent,,24.3
2023,Normal value,Units,Zimstat_QLFS,"Unemployment rate, by sex and disability - 19th ICLS (%) [8.5.2]",,Male,,Percent,,19.2
2024,Normal value,Units,Zimstat_QLFS,"Unemployment rate, by sex and disability - 19th ICLS (%) [8.5.2]",,Male,,Percent,,19.7
2024,Normal value,Units,Zimstat_QLFS,"Unemployment rate, by sex and disability - 19th ICLS (%) [8.5.2]",,Male,Persons with disability,Percent,,20.0
2023,Normal value,Units,Zimstat_QLFS,"Unemployment rate, by sex and disability - 19th ICLS (%) [8.5.2]",Bulawayo,,,Percent,ZW_BA,22.016668167203555
2023,Normal value,Units,Zimstat_QLFS,"Unemployment rate, by sex and disability - 19th ICLS (%) [8.5.2]",Bulawayo,Female,,Percent,ZW_BA,37.487781641499545
2023,Normal value,Units,Zimstat_QLFS,"Unemployment rate, by sex and disability - 19th ICLS (%) [8.5.2]",Bulawayo,Male,,Percent,ZW_BA,0.0
2023,Normal value,Units,Zimstat_QLFS,"Unemployment rate, by sex and disability - 19th ICLS (%) [8.5.2]",Harare,,,Percent,ZW_HA,0.0
2023,Normal value,Units,Zimstat_QLFS,"Unemployment rate, by sex and disability - 19th ICLS (%) [8.5.2]",Harare,Male,,Percent,ZW_HA,0.0
2023,Normal value,Units,Zimstat_QLFS,"Unemployment rate, by sex and disability - 19th ICLS (%) [8.5.2]",Manicaland,,,Percent,ZW_MA,11.572668772977703
2023,Normal value,Units,Zimstat_QLFS,"Unemployment rate, by sex and disability - 19th ICLS (%) [8.5.2]",Manicaland,Female,,Percent,ZW_MA,29.20078406414178
2023,Normal value,Units,Zimstat_QLFS,"Unemployment rate, by sex and disability - 19th ICLS (%) [8.5.2]",Manicaland,Male,,Percent,ZW_MA,0.0
2023,Normal value,Units,Zimstat_QLFS,"Unemployment rate, by sex and disability - 19th ICLS (%) [8.5.2]",Mashonaland Central,,,Percent,ZW_MC,0.0
2023,Normal value,Units,Zimstat_QLFS,"Unemployment rate, by sex and disability - 19th ICLS (%) [8.5.2]",Mashonaland Central,Female,,Percent,ZW_MC,0.0
2023,Normal value,Units,Zimstat_QLFS,"Unemployment rate, by sex and disability - 19th ICLS (%) [8.5.2]",Mashonaland Central,Male,,Percent,ZW_MC,0.0
2023,Normal value,Units,Zimstat_QLFS,"Unemployment rate, by sex and disability - 19th ICLS (%) [8.5.2]",Masholanad East,,,Percent,ZW_ME,9.393069621868705
2023,Normal value,Units,Zimstat_QLFS,"Unemployment rate, by sex and disability - 19th ICLS (%) [8.5.2]",Masholanad East,Female,,Percent,ZW_ME,20.206243830147734
2023,Normal value,Units,Zimstat_QLFS,"Unemployment rate, by sex and disability - 19th ICLS (%) [8.5.2]",Masholanad East,Male,,Percent,ZW_ME,0.0
2023,Normal value,Units,Zimstat_QLFS,"Unemployment rate, by sex and disability - 19th ICLS (%) [8.5.2]",Midlands,,,Percent,ZW_MI,9.39086718263322
2023,Normal value,Units,Zimstat_QLFS,"Unemployment rate, by sex and disability - 19th ICLS (%) [8.5.2]",Midlands,Female,,Percent,ZW_MI,18.817845632421022
2023,Normal value,Units,Zimstat_QLFS,"Unemployment rate, by sex and disability - 19th ICLS (%) [8.5.2]",Midlands,Male,,Percent,ZW_MI,0.0
2023,Normal value,Units,Zimstat_QLFS,"Unemployment rate, by sex and disability - 19th ICLS (%) [8.5.2]",Matabeland North,,,Percent,ZW_MN,0.0
2023,Normal value,Units,Zimstat_QLFS,"Unemployment rate, by sex and disability - 19th ICLS (%) [8.5.2]",Matabeland North,Female,,Percent,ZW_MN,0.0
2023,Normal value,Units,Zimstat_QLFS,"Unemployment rate, by sex and disability - 19th ICLS (%) [8.5.2]",Matabeland North,Male,,Percent,ZW_MN,0.0
2023,Normal value,Units,Zimstat_QLFS,"Unemployment rate, by sex and disability - 19th ICLS (%) [8.5.2]",Matabeland South,,,Percent,ZW_MS,0.0
2023,Normal value,Units,Zimstat_QLFS,"Unemployment rate, by sex and disability - 19th ICLS (%) [8.5.2]",Matabeland South,Female,,Percent,ZW_MS,0.0
2023,Normal value,Units,Zimstat_QLFS,"Unemployment rate, by sex and disability - 19th ICLS (%) [8.5.2]",Matabeland South,Male,,Percent,ZW_MS,0.0
2023,Normal value,Units,Zimstat_QLFS,"Unemployment rate, by sex and disability - 19th ICLS (%) [8.5.2]",Masvingo,,,Percent,ZW_MV,0.0
2023,Normal value,Units,Zimstat_QLFS,"Unemployment rate, by sex and disability - 19th ICLS (%) [8.5.2]",Masvingo,Female,,Percent,ZW_MV,0.0
2023,Normal value,Units,Zimstat_QLFS,"Unemployment rate, by sex and disability - 19th ICLS (%) [8.5.2]",Masvingo,Male,,Percent,ZW_MV,0.0
2023,Normal value,Units,Zimstat_QLFS,"Unemployment rate, by sex and disability - 19th ICLS (%) [8.5.2]",Mashonaland West,,,Percent,ZW_MW,6.043063438707879
2023,Normal value,Units,Zimstat_QLFS,"Unemployment rate, by sex and disability - 19th ICLS (%) [8.5.2]",Mashonaland West,Female,,Percent,ZW_MW,0.0
2023,Normal value,Units,Zimstat_QLFS,"Unemployment rate, by sex and disability - 19th ICLS (%) [8.5.2]",Mashonaland West,Male,,Percent,ZW_MW,8.573055589970597
