Year,Observation status,Unit multiplier,SOURCE_DETAIL,SERIES,Reference area,Sex,Age,UNIT_MEASURE,GeoCode,Value
2023,Normal value,Units,Zimstat,"Proportion of youth not in education, employment or training, by sex and age - 19th ICLS (%) [8.6.1]",,,15 to 24 years old,Percent,,45.4
2024,Normal value,Units,Zimstat,"Proportion of youth not in education, employment or training, by sex and age - 19th ICLS (%) [8.6.1]",,,15 to 24 years old,Percent,,48.1
2023,Normal value,Units,Zimstat_QLFS,"Proportion of youth not in education, employment or training, by sex and age - 19th ICLS (%) [8.6.1]",,Female,15 to 24 years old,Percent,,51.1
2024,Normal value,Units,Zimstat_QLFS,"Proportion of youth not in education, employment or training, by sex and age - 19th ICLS (%) [8.6.1]",,Female,15 to 24 years old,Percent,,55.6
2023,Normal value,Units,Zimstat_QLFS,"Proportion of youth not in education, employment or training, by sex and age - 19th ICLS (%) [8.6.1]",,Male,15 to 24 years old,Percent,,39.8
2024,Normal value,Units,Zimstat_QLFS,"Proportion of youth not in education, employment or training, by sex and age - 19th ICLS (%) [8.6.1]",,Male,15 to 24 years old,Percent,,40.3
2023,Normal value,Units,ZIMSTAT - QLFS Report,"Proportion of youth not in education, employment or training, by sex and age - 19th ICLS (%) [8.6.1]",Bulawayo,,15 to 24 years old,Percent,ZW_BA,39.798601920029824
2024,Normal value,Units,ZIMSTAT - QLFS Report,"Proportion of youth not in education, employment or training, by sex and age - 19th ICLS (%) [8.6.1]",Bulawayo,,15 to 24 years old,Percent,ZW_BA,44.3
2023,Normal value,Units,ZIMSTAT - QLFS Report,"Proportion of youth not in education, employment or training, by sex and age - 19th ICLS (%) [8.6.1]",Bulawayo,Female,15 to 24 years old,Percent,ZW_BA,42.36789642565211
2024,Normal value,Units,ZIMSTAT - QLFS Report,"Proportion of youth not in education, employment or training, by sex and age - 19th ICLS (%) [8.6.1]",Bulawayo,Female,15 to 24 years old,Percent,ZW_BA,46.2
2023,Normal value,Units,ZIMSTAT - QLFS Report,"Proportion of youth not in education, employment or training, by sex and age - 19th ICLS (%) [8.6.1]",Bulawayo,Male,15 to 24 years old,Percent,ZW_BA,36.59796352101081
2024,Normal value,Units,ZIMSTAT - QLFS Report,"Proportion of youth not in education, employment or training, by sex and age - 19th ICLS (%) [8.6.1]",Bulawayo,Male,15 to 24 years old,Percent,ZW_BA,41.8
2023,Normal value,Units,ZIMSTAT - QLFS Report,"Proportion of youth not in education, employment or training, by sex and age - 19th ICLS (%) [8.6.1]",Harare,,15 to 24 years old,Percent,ZW_HA,37.68083539198772
2024,Normal value,Units,ZIMSTAT - QLFS Report,"Proportion of youth not in education, employment or training, by sex and age - 19th ICLS (%) [8.6.1]",Harare,,15 to 24 years old,Percent,ZW_HA,44.7
2023,Normal value,Units,Zimstat_QLFS,"Proportion of youth not in education, employment or training, by sex and age - 19th ICLS (%) [8.6.1]",Harare,Female,,Percent,ZW_HA,0.0
2023,Normal value,Units,ZIMSTAT - QLFS Report,"Proportion of youth not in education, employment or training, by sex and age - 19th ICLS (%) [8.6.1]",Harare,Female,15 to 24 years old,Percent,ZW_HA,42.20754433815757
2024,Normal value,Units,ZIMSTAT - QLFS Report,"Proportion of youth not in education, employment or training, by sex and age - 19th ICLS (%) [8.6.1]",Harare,Female,15 to 24 years old,Percent,ZW_HA,53.2
2023,Normal value,Units,ZIMSTAT - QLFS Report,"Proportion of youth not in education, employment or training, by sex and age - 19th ICLS (%) [8.6.1]",Harare,Male,15 to 24 years old,Percent,ZW_HA,32.126076064404224
2024,Normal value,Units,ZIMSTAT - QLFS Report,"Proportion of youth not in education, employment or training, by sex and age - 19th ICLS (%) [8.6.1]",Harare,Male,15 to 24 years old,Percent,ZW_HA,34.0
2023,Normal value,Units,ZIMSTAT - QLFS Report,"Proportion of youth not in education, employment or training, by sex and age - 19th ICLS (%) [8.6.1]",Manicaland,,15 to 24 years old,Percent,ZW_MA,45.4659656632392
2024,Normal value,Units,ZIMSTAT - QLFS Report,"Proportion of youth not in education, employment or training, by sex and age - 19th ICLS (%) [8.6.1]",Manicaland,,15 to 24 years old,Percent,ZW_MA,47.0
2023,Normal value,Units,ZIMSTAT - QLFS Report,"Proportion of youth not in education, employment or training, by sex and age - 19th ICLS (%) [8.6.1]",Manicaland,Female,15 to 24 years old,Percent,ZW_MA,49.93627981408934
2024,Normal value,Units,ZIMSTAT - QLFS Report,"Proportion of youth not in education, employment or training, by sex and age - 19th ICLS (%) [8.6.1]",Manicaland,Female,15 to 24 years old,Percent,ZW_MA,50.4
2023,Normal value,Units,ZIMSTAT - QLFS Report,"Proportion of youth not in education, employment or training, by sex and age - 19th ICLS (%) [8.6.1]",Manicaland,Male,15 to 24 years old,Percent,ZW_MA,41.10512449129034
2024,Normal value,Units,ZIMSTAT - QLFS Report,"Proportion of youth not in education, employment or training, by sex and age - 19th ICLS (%) [8.6.1]",Manicaland,Male,15 to 24 years old,Percent,ZW_MA,43.8
2023,Normal value,Units,ZIMSTAT - QLFS Report,"Proportion of youth not in education, employment or training, by sex and age - 19th ICLS (%) [8.6.1]",Mashonaland Central,,15 to 24 years old,Percent,ZW_MC,47.41867891637377
2024,Normal value,Units,ZIMSTAT - QLFS Report,"Proportion of youth not in education, employment or training, by sex and age - 19th ICLS (%) [8.6.1]",Mashonaland Central,,15 to 24 years old,Percent,ZW_MC,55.6
2023,Normal value,Units,ZIMSTAT - QLFS Report,"Proportion of youth not in education, employment or training, by sex and age - 19th ICLS (%) [8.6.1]",Mashonaland Central,Female,15 to 24 years old,Percent,ZW_MC,55.835960087233296
2024,Normal value,Units,ZIMSTAT - QLFS Report,"Proportion of youth not in education, employment or training, by sex and age - 19th ICLS (%) [8.6.1]",Mashonaland Central,Female,15 to 24 years old,Percent,ZW_MC,63.7
2023,Normal value,Units,ZIMSTAT - QLFS Report,"Proportion of youth not in education, employment or training, by sex and age - 19th ICLS (%) [8.6.1]",Mashonaland Central,Male,15 to 24 years old,Percent,ZW_MC,40.265448567655696
2024,Normal value,Units,ZIMSTAT - QLFS Report,"Proportion of youth not in education, employment or training, by sex and age - 19th ICLS (%) [8.6.1]",Mashonaland Central,Male,15 to 24 years old,Percent,ZW_MC,47.4
2023,Normal value,Units,ZIMSTAT - QLFS Report,"Proportion of youth not in education, employment or training, by sex and age - 19th ICLS (%) [8.6.1]",Masholanad East,,15 to 24 years old,Percent,ZW_ME,43.76511990649829
2024,Normal value,Units,ZIMSTAT - QLFS Report,"Proportion of youth not in education, employment or training, by sex and age - 19th ICLS (%) [8.6.1]",Masholanad East,,15 to 24 years old,Percent,ZW_ME,43.76511990649829
2023,Normal value,Units,ZIMSTAT - QLFS Report,"Proportion of youth not in education, employment or training, by sex and age - 19th ICLS (%) [8.6.1]",Masholanad East,Female,15 to 24 years old,Percent,ZW_ME,51.54889102087138
2024,Normal value,Units,ZIMSTAT - QLFS Report,"Proportion of youth not in education, employment or training, by sex and age - 19th ICLS (%) [8.6.1]",Masholanad East,Female,15 to 24 years old,Percent,ZW_ME,54.0
2023,Normal value,Units,ZIMSTAT - QLFS Report,"Proportion of youth not in education, employment or training, by sex and age - 19th ICLS (%) [8.6.1]",Masholanad East,Male,15 to 24 years old,Percent,ZW_ME,36.41777059728848
2024,Normal value,Units,ZIMSTAT - QLFS Report,"Proportion of youth not in education, employment or training, by sex and age - 19th ICLS (%) [8.6.1]",Masholanad East,Male,15 to 24 years old,Percent,ZW_ME,32.4
2023,Normal value,Units,ZIMSTAT - QLFS Report,"Proportion of youth not in education, employment or training, by sex and age - 19th ICLS (%) [8.6.1]",Midlands,,15 to 24 years old,Percent,ZW_MI,46.79541641495194
2024,Normal value,Units,ZIMSTAT - QLFS Report,"Proportion of youth not in education, employment or training, by sex and age - 19th ICLS (%) [8.6.1]",Midlands,,15 to 24 years old,Percent,ZW_MI,50.6
2023,Normal value,Units,ZIMSTAT - QLFS Report,"Proportion of youth not in education, employment or training, by sex and age - 19th ICLS (%) [8.6.1]",Midlands,Female,15 to 24 years old,Percent,ZW_MI,51.42363981576533
2024,Normal value,Units,ZIMSTAT - QLFS Report,"Proportion of youth not in education, employment or training, by sex and age - 19th ICLS (%) [8.6.1]",Midlands,Female,15 to 24 years old,Percent,ZW_MI,59.7
2023,Normal value,Units,ZIMSTAT - QLFS Report,"Proportion of youth not in education, employment or training, by sex and age - 19th ICLS (%) [8.6.1]",Midlands,Male,15 to 24 years old,Percent,ZW_MI,42.27888636438474
2024,Normal value,Units,ZIMSTAT - QLFS Report,"Proportion of youth not in education, employment or training, by sex and age - 19th ICLS (%) [8.6.1]",Midlands,Male,15 to 24 years old,Percent,ZW_MI,41.4
2023,Normal value,Units,ZIMSTAT - QLFS Report,"Proportion of youth not in education, employment or training, by sex and age - 19th ICLS (%) [8.6.1]",Matabeland North,,15 to 24 years old,Percent,ZW_MN,57.92165070469112
2024,Normal value,Units,ZIMSTAT - QLFS Report,"Proportion of youth not in education, employment or training, by sex and age - 19th ICLS (%) [8.6.1]",Matabeland North,,15 to 24 years old,Percent,ZW_MN,53.7
2023,Normal value,Units,ZIMSTAT - QLFS Report,"Proportion of youth not in education, employment or training, by sex and age - 19th ICLS (%) [8.6.1]",Matabeland North,Female,15 to 24 years old,Percent,ZW_MN,63.98608221156582
2024,Normal value,Units,ZIMSTAT - QLFS Report,"Proportion of youth not in education, employment or training, by sex and age - 19th ICLS (%) [8.6.1]",Matabeland North,Female,15 to 24 years old,Percent,ZW_MN,60.7
2023,Normal value,Units,ZIMSTAT - QLFS Report,"Proportion of youth not in education, employment or training, by sex and age - 19th ICLS (%) [8.6.1]",Matabeland North,Male,15 to 24 years old,Percent,ZW_MN,53.089171078117616
2024,Normal value,Units,ZIMSTAT - QLFS Report,"Proportion of youth not in education, employment or training, by sex and age - 19th ICLS (%) [8.6.1]",Matabeland North,Male,15 to 24 years old,Percent,ZW_MN,46.8
2023,Normal value,Units,ZIMSTAT - QLFS Report,"Proportion of youth not in education, employment or training, by sex and age - 19th ICLS (%) [8.6.1]",Matabeland South,,15 to 24 years old,Percent,ZW_MS,52.13311120095665
2024,Normal value,Units,ZIMSTAT - QLFS Report,"Proportion of youth not in education, employment or training, by sex and age - 19th ICLS (%) [8.6.1]",Matabeland South,,15 to 24 years old,Percent,ZW_MS,54.7
2023,Normal value,Units,ZIMSTAT - QLFS Report,"Proportion of youth not in education, employment or training, by sex and age - 19th ICLS (%) [8.6.1]",Matabeland South,Female,15 to 24 years old,Percent,ZW_MS,59.487885725705205
2024,Normal value,Units,ZIMSTAT - QLFS Report,"Proportion of youth not in education, employment or training, by sex and age - 19th ICLS (%) [8.6.1]",Matabeland South,Female,15 to 24 years old,Percent,ZW_MS,66.2
2023,Normal value,Units,ZIMSTAT - QLFS Report,"Proportion of youth not in education, employment or training, by sex and age - 19th ICLS (%) [8.6.1]",Matabeland South,Male,15 to 24 years old,Percent,ZW_MS,43.33612590649674
2024,Normal value,Units,ZIMSTAT - QLFS Report,"Proportion of youth not in education, employment or training, by sex and age - 19th ICLS (%) [8.6.1]",Matabeland South,Male,15 to 24 years old,Percent,ZW_MS,44.1
2023,Normal value,Units,ZIMSTAT - QLFS Report,"Proportion of youth not in education, employment or training, by sex and age - 19th ICLS (%) [8.6.1]",Masvingo,,15 to 24 years old,Percent,ZW_MV,44.83690054101584
2024,Normal value,Units,ZIMSTAT - QLFS Report,"Proportion of youth not in education, employment or training, by sex and age - 19th ICLS (%) [8.6.1]",Masvingo,,15 to 24 years old,Percent,ZW_MV,44.83690054101584
2023,Normal value,Units,ZIMSTAT - QLFS Report,"Proportion of youth not in education, employment or training, by sex and age - 19th ICLS (%) [8.6.1]",Masvingo,Female,15 to 24 years old,Percent,ZW_MV,51.49580059565197
2024,Normal value,Units,ZIMSTAT - QLFS Report,"Proportion of youth not in education, employment or training, by sex and age - 19th ICLS (%) [8.6.1]",Masvingo,Female,15 to 24 years old,Percent,ZW_MV,52.9
2023,Normal value,Units,ZIMSTAT - QLFS Report,"Proportion of youth not in education, employment or training, by sex and age - 19th ICLS (%) [8.6.1]",Masvingo,Male,15 to 24 years old,Percent,ZW_MV,38.49332781342717
2024,Normal value,Units,ZIMSTAT - QLFS Report,"Proportion of youth not in education, employment or training, by sex and age - 19th ICLS (%) [8.6.1]",Masvingo,Male,15 to 24 years old,Percent,ZW_MV,36.0
2023,Normal value,Units,ZIMSTAT - QLFS Report,"Proportion of youth not in education, employment or training, by sex and age - 19th ICLS (%) [8.6.1]",Mashonaland West,,15 to 24 years old,Percent,ZW_MW,49.479182367932
2024,Normal value,Units,ZIMSTAT - QLFS Report,"Proportion of youth not in education, employment or training, by sex and age - 19th ICLS (%) [8.6.1]",Mashonaland West,,15 to 24 years old,Percent,ZW_MW,50.1
2023,Normal value,Units,ZIMSTAT - QLFS Report,"Proportion of youth not in education, employment or training, by sex and age - 19th ICLS (%) [8.6.1]",Mashonaland West,Female,15 to 24 years old,Percent,ZW_MW,57.33022904133568
2024,Normal value,Units,ZIMSTAT - QLFS Report,"Proportion of youth not in education, employment or training, by sex and age - 19th ICLS (%) [8.6.1]",Mashonaland West,Female,15 to 24 years old,Percent,ZW_MW,57.2
2023,Normal value,Units,ZIMSTAT - QLFS Report,"Proportion of youth not in education, employment or training, by sex and age - 19th ICLS (%) [8.6.1]",Mashonaland West,Male,15 to 24 years old,Percent,ZW_MW,42.50605296944796
2024,Normal value,Units,ZIMSTAT - QLFS Report,"Proportion of youth not in education, employment or training, by sex and age - 19th ICLS (%) [8.6.1]",Mashonaland West,Male,15 to 24 years old,Percent,ZW_MW,43.6
