Year,Observation status,Unit multiplier,Source details,SERIES,Reference area,UNIT_MEASURE,GeoCode,Value
2019,Normal value,Units,ZIMSTAT_National_Accounts,Tourism direct GDP as a proportion of total GDP [8.9.1],,Percent,,2.5
2021,Normal value,Units,ZIMSTAT_National_Accounts,Tourism direct GDP as a proportion of total GDP [8.9.1],,Percent,,2.5
2022,Normal value,Units,ZIMSTAT_National_Accounts,Tourism direct GDP as a proportion of total GDP [8.9.1],,Percent,,5.2
2023,Normal value,Units,ZIMSTAT_National_Accounts,Tourism direct GDP as a proportion of total GDP [8.9.1],,Percent,,5.7
