Year,SOURCE_DETAIL,REF_AREA,SEX,AGE,GeoCode,Value
2023,"Zimstat, Labour Fource Q3",ZW_HA,F,,ZW_HA,0.0
2023,"Zimstat, Labour Fource Q3",,,Y15T24,,45.4
2024,Zimstat,,,Y15T24,,27.9
2023,"Zimstat, Labour Fource Q3",,M,Y15T24,,39.8
2023,"Zimstat, Labour Fource Q3",,F,Y15T24,,51.1
2023,"Zimstat, Labour Fource Q3",ZW_BA,,Y15T24,ZW_BA,39.8
2023,"Zimstat, Labour Fource Q3",ZW_MA,,Y15T24,ZW_MA,45.5
2023,"Zimstat, Labour Fource Q3",ZW_MC,,Y15T24,ZW_MC,47.4
2023,"Zimstat, Labour Fource Q3",ZW_ME,,Y15T24,ZW_ME,43.8
2023,"Zimstat, Labour Fource Q3",ZW_MW,,Y15T24,ZW_MW,49.5
2023,"Zimstat, Labour Fource Q3",ZW_MN,,Y15T24,ZW_MN,57.9
2023,"Zimstat, Labour Fource Q3",ZW_MS,,Y15T24,ZW_MS,52.1
2023,"Zimstat, Labour Fource Q3",ZW_MI,,Y15T24,ZW_MI,46.8
2023,"Zimstat, Labour Fource Q3",ZW_MV,,Y15T24,ZW_MV,44.8
2023,"Zimstat, Labour Fource Q3",ZW_HA,,Y15T24,ZW_HA,37.7
2023,"Zimstat, Labour Fource Q3",ZW_BA,M,Y15T24,ZW_BA,36.6
2023,"Zimstat, Labour Fource Q3",ZW_MA,M,Y15T24,ZW_MA,41.1
2023,"Zimstat, Labour Fource Q3",ZW_MC,M,Y15T24,ZW_MC,40.3
2023,"Zimstat, Labour Fource Q3",ZW_ME,M,Y15T24,ZW_ME,36.4
2023,"Zimstat, Labour Fource Q3",ZW_MW,M,Y15T24,ZW_MW,42.5
2023,"Zimstat, Labour Fource Q3",ZW_MN,M,Y15T24,ZW_MN,53.1
2023,"Zimstat, Labour Fource Q3",ZW_MS,M,Y15T24,ZW_MS,43.3
2023,"Zimstat, Labour Fource Q3",ZW_MI,M,Y15T24,ZW_MI,42.3
2023,"Zimstat, Labour Fource Q3",ZW_MV,M,Y15T24,ZW_MV,38.5
2023,"Zimstat, Labour Fource Q3",ZW_HA,M,Y15T24,ZW_HA,32.1
2023,"Zimstat, Labour Fource Q3",ZW_BA,F,Y15T24,ZW_BA,42.4
2023,"Zimstat, Labour Fource Q3",ZW_MA,F,Y15T24,ZW_MA,49.9
2023,"Zimstat, Labour Fource Q3",ZW_MC,F,Y15T24,ZW_MC,55.8
2023,"Zimstat, Labour Fource Q3",ZW_ME,F,Y15T24,ZW_ME,51.5
2023,"Zimstat, Labour Fource Q3",ZW_MW,F,Y15T24,ZW_MW,57.3
2023,"Zimstat, Labour Fource Q3",ZW_MN,F,Y15T24,ZW_MN,64.0
2023,"Zimstat, Labour Fource Q3",ZW_MS,F,Y15T24,ZW_MS,59.5
2023,"Zimstat, Labour Fource Q3",ZW_MI,F,Y15T24,ZW_MI,51.4
2023,"Zimstat, Labour Fource Q3",ZW_MV,F,Y15T24,ZW_MV,51.5
2023,"Zimstat, Labour Fource Q3",ZW_HA,F,Y15T24,ZW_HA,42.2
