Year,OBS_STATUS,UNIT_MULT,SOURCE_DETAIL,SERIES,REF_AREA,SEX,URBANISATION,UNIT_MEASURE,GeoCode,Value
2019,A,0,ZIMSTAT ZDHS_2023-24,SH_DYN_MORT,,,,PER_1000_LIVE_BIRTHS,,65.0
2022,A,0,ZIMSTAT ZDHS_2023-24,SH_DYN_MORT,,,,PER_1000_LIVE_BIRTHS,,39.7
2024,A,0,ZIMSTAT ZDHS_2023-24,SH_DYN_MORT,,,,PER_1000_LIVE_BIRTHS,,69.0
2024,A,0,ZIMSTAT ZDHS_2023-24,SH_DYN_MORT,,,R,PER_1000_LIVE_BIRTHS,,71.0
2024,A,0,ZIMSTAT ZDHS_2023-24,SH_DYN_MORT,,,U,PER_1000_LIVE_BIRTHS,,66.0
2024,A,0,ZIMSTAT ZDHS_2023-24,SH_DYN_MORT,,F,,PER_1000_LIVE_BIRTHS,,61.0
2024,A,0,ZIMSTAT ZDHS_2023-24,SH_DYN_MORT,,M,,PER_1000_LIVE_BIRTHS,,77.0
2022,A,0,Zimstat_2022_PHC,SH_DYN_MORT,ZW_BA,,,PER_1000_LIVE_BIRTHS,ZW_BA,27.8
2022,A,0,Zimstat_2022_PHC,SH_DYN_MORT,ZW_HA,,,PER_1000_LIVE_BIRTHS,ZW_HA,32.5
2022,A,0,Zimstat_2022_PHC,SH_DYN_MORT,ZW_MA,,,PER_1000_LIVE_BIRTHS,ZW_MA,50.8
2022,A,0,Zimstat_2022_PHC,SH_DYN_MORT,ZW_MC,,,PER_1000_LIVE_BIRTHS,ZW_MC,41.6
2022,A,0,Zimstat_2022_PHC,SH_DYN_MORT,ZW_ME,,,PER_1000_LIVE_BIRTHS,ZW_ME,47.5
2022,A,0,Zimstat_2022_PHC,SH_DYN_MORT,ZW_MI,,,PER_1000_LIVE_BIRTHS,ZW_MI,41.7
2022,A,0,Zimstat_2022_PHC,SH_DYN_MORT,ZW_MN,,,PER_1000_LIVE_BIRTHS,ZW_MN,30.2
2022,A,0,Zimstat_2022_PHC,SH_DYN_MORT,ZW_MS,,,PER_1000_LIVE_BIRTHS,ZW_MS,26.5
2022,A,0,Zimstat_2022_PHC,SH_DYN_MORT,ZW_MV,,,PER_1000_LIVE_BIRTHS,ZW_MV,41.5
2022,A,0,Zimstat_2022_PHC,SH_DYN_MORT,ZW_MW,,,PER_1000_LIVE_BIRTHS,ZW_MW,36.3
